<?xml version="1.0" encoding="UTF-8"?><AS_BUILT_DATA><VEHICLE><VIN>1FAHP2KT0DG105299</VIN><VEHICLE_DATA><DATA LABEL=""><CODE>20F7</CODE><CODE>FFFF</CODE><CODE>FF14</CODE></DATA></VEHICLE_DATA><PCM_MODULE><DATA LABEL="PCM 1"><CODE>FFFF</CODE><CODE>FFFF</CODE><CODE>FF0C</CODE></DATA><DATA LABEL="PCM 2"><CODE>FFFF</CODE><CODE>FFFF</CODE><CODE>FF0D</CODE></DATA><DATA LABEL="PCM 3"><CODE>FFFF</CODE><CODE>03FF</CODE><CODE>5F72</CODE></DATA><DATA LABEL="PCM 4"><CODE>FFFF</CODE><CODE>2FFF</CODE><CODE>FF3F</CODE></DATA><DATA LABEL="PCM 5"><CODE>2F1F</CODE><CODE>FFFF</CODE><CODE>FF60</CODE></DATA><DATA LABEL="PCM 6"><CODE>FFFF</CODE><CODE>FFFF</CODE><CODE>FF11</CODE></DATA><DATA LABEL="PCM 7"><CODE>FFFF</CODE><CODE>FFFF</CODE><CODE>FF12</CODE></DATA><DATA LABEL="PCM 8"><CODE>FFFF</CODE><CODE>FFFF</CODE><CODE>FF13</CODE></DATA><DATA LABEL="PCM 9"><CODE>FFFF</CODE><CODE>FFFF</CODE><CODE>FF14</CODE></DATA></PCM_MODULE><BCE_MODULE><DATA LABEL="7C4-01-01"><CODE>04D1</CODE><CODE></CODE><CODE></CODE></DATA><DATA LABEL="7C4-02-01"><CODE>0000</CODE><CODE>CE</CODE><CODE></CODE></DATA><DATA LABEL="7C4-03-01"><CODE>602F</CODE><CODE></CODE><CODE></CODE></DATA><DATA LABEL="7C4-04-01"><CODE>00D0</CODE><CODE></CODE><CODE></CODE></DATA><DATA LABEL="7C4-05-01"><CODE>01D2</CODE><CODE></CODE><CODE></CODE></DATA><DATA LABEL="7C4-06-01"><CODE>5F0A</CODE><CODE>3B</CODE><CODE></CODE></DATA><DATA LABEL="7C4-07-01"><CODE>0DE0</CODE><CODE></CODE><CODE></CODE></DATA><DATA LABEL="7C4-08-01"><CODE>5900</CODE><CODE>801E</CODE><CODE>0AD5</CODE></DATA><DATA LABEL="7C4-08-02"><CODE>00D5</CODE><CODE></CODE><CODE></CODE></DATA><DATA LABEL="7C4-09-01"><CODE>3A0F</CODE><CODE>0000</CODE><CODE>0422</CODE></DATA><DATA LABEL="7C4-09-02"><CODE>0A1E</CODE><CODE>0000</CODE><CODE>0200</CODE></DATA><DATA LABEL="7C4-09-03"><CODE>5802</CODE><CODE>0000</CODE><CODE>5A8B</CODE></DATA><DATA LABEL="7C4-09-04"><CODE>19F1</CODE><CODE></CODE><CODE></CODE></DATA><DATA LABEL="7C4-10-01"><CODE>019B</CODE><CODE>000B</CODE><CODE>0386</CODE></DATA><DATA LABEL="7C4-10-02"><CODE>201A</CODE><CODE>6040</CODE><CODE>20D7</CODE></DATA><DATA LABEL="7C4-10-03"><CODE>00B2</CODE><CODE>07B0</CODE><CODE>2067</CODE></DATA><DATA LABEL="7C4-10-04"><CODE>5560</CODE><CODE>4048</CODE><CODE>001C</CODE></DATA><DATA LABEL="7C4-10-05"><CODE>0000</CODE><CODE>0000</CODE><CODE>00E0</CODE></DATA><DATA LABEL="7C4-10-06"><CODE>00E1</CODE><CODE></CODE><CODE></CODE></DATA><DATA LABEL="7C6-01-01"><CODE>04D3</CODE><CODE></CODE><CODE></CODE></DATA><DATA LABEL="7C6-02-01"><CODE>0000</CODE><CODE>D0</CODE><CODE></CODE></DATA><DATA LABEL="7C6-03-01"><CODE>6031</CODE><CODE></CODE><CODE></CODE></DATA><DATA LABEL="7C6-04-01"><CODE>00D2</CODE><CODE></CODE><CODE></CODE></DATA><DATA LABEL="7C6-05-01"><CODE>01D4</CODE><CODE></CODE><CODE></CODE></DATA><DATA LABEL="7C6-06-01"><CODE>5F0A</CODE><CODE>3D</CODE><CODE></CODE></DATA><DATA LABEL="7C6-07-01"><CODE>0DE2</CODE><CODE></CODE><CODE></CODE></DATA><DATA LABEL="7C6-08-01"><CODE>5900</CODE><CODE>801E</CODE><CODE>0AD7</CODE></DATA><DATA LABEL="7C6-08-02"><CODE>00D7</CODE><CODE></CODE><CODE></CODE></DATA><DATA LABEL="7C6-09-01"><CODE>3A0F</CODE><CODE>0000</CODE><CODE>0424</CODE></DATA><DATA LABEL="7C6-09-02"><CODE>0A1E</CODE><CODE>0000</CODE><CODE>0202</CODE></DATA><DATA LABEL="7C6-09-03"><CODE>5802</CODE><CODE>0000</CODE><CODE>5A8D</CODE></DATA><DATA LABEL="7C6-09-04"><CODE>19F3</CODE><CODE></CODE><CODE></CODE></DATA><DATA LABEL="7C6-10-01"><CODE>019B</CODE><CODE>000B</CODE><CODE>0388</CODE></DATA><DATA LABEL="7C6-10-02"><CODE>201A</CODE><CODE>6040</CODE><CODE>20D9</CODE></DATA><DATA LABEL="7C6-10-03"><CODE>00B2</CODE><CODE>07B0</CODE><CODE>2069</CODE></DATA><DATA LABEL="7C6-10-04"><CODE>5560</CODE><CODE>4048</CODE><CODE>001E</CODE></DATA><DATA LABEL="7C6-10-05"><CODE>0000</CODE><CODE>0000</CODE><CODE>00E2</CODE></DATA><DATA LABEL="7C6-10-06"><CODE>00E3</CODE><CODE></CODE><CODE></CODE></DATA><DATA LABEL="7D0-01-01"><CODE>A221</CODE><CODE>8103</CODE><CODE>E606</CODE></DATA><DATA LABEL="7D0-01-02"><CODE>0403</CODE><CODE>0000</CODE><CODE>02E3</CODE></DATA><DATA LABEL="7D0-02-01"><CODE>5553</CODE><CODE>0001</CODE><CODE>0083</CODE></DATA><DATA LABEL="7D0-02-02"><CODE>0000</CODE><CODE>0000</CODE><CODE>00DB</CODE></DATA><DATA LABEL="7D0-02-03"><CODE>0000</CODE><CODE>DC</CODE><CODE></CODE></DATA><DATA LABEL="7D0-03-01"><CODE>0754</CODE><CODE>4102</CODE><CODE>0079</CODE></DATA><DATA LABEL="7D0-04-01"><CODE>0102</CODE><CODE>0200</CODE><CODE>00E1</CODE></DATA><DATA LABEL="7D0-04-02"><CODE>0004</CODE><CODE>E1</CODE><CODE></CODE></DATA><DATA LABEL="701-01-01"><CODE>404A</CODE><CODE></CODE><CODE></CODE></DATA><DATA LABEL="706-01-01"><CODE>5C09</CODE><CODE>0A82</CODE><CODE>00</CODE></DATA><DATA LABEL="706-02-01"><CODE>FF3F</CODE><CODE>CF3F</CODE><CODE>FC58</CODE></DATA><DATA LABEL="706-02-02"><CODE>3FC0</CODE><CODE>CCDC</CODE><CODE></CODE></DATA><DATA LABEL="706-03-01"><CODE>4000</CODE><CODE>0000</CODE><CODE>51</CODE></DATA><DATA LABEL="706-04-01"><CODE>8000</CODE><CODE>0000</CODE><CODE>92</CODE></DATA><DATA LABEL="714-01-01"><CODE>0A00</CODE><CODE>0000</CODE><CODE>27</CODE></DATA><DATA LABEL="714-02-01"><CODE>0244</CODE><CODE>4444</CODE><CODE>EC</CODE></DATA><DATA LABEL="720-01-01"><CODE>2A08</CODE><CODE>F4A3</CODE><CODE>897B</CODE></DATA><DATA LABEL="720-01-02"><CODE>8AF8</CODE><CODE>4CF0</CODE><CODE>3F27</CODE></DATA><DATA LABEL="720-01-03"><CODE>3EEC</CODE><CODE>00FF</CODE><CODE>54</CODE></DATA><DATA LABEL="720-02-01"><CODE>5553</CODE><CODE>D2</CODE><CODE></CODE></DATA><DATA LABEL="724-01-01"><CODE>185E</CODE><CODE>E7D3</CODE><CODE>5D</CODE></DATA><DATA LABEL="724-02-01"><CODE>CC21</CODE><CODE>4C40</CODE><CODE>A7</CODE></DATA><DATA LABEL="724-03-01"><CODE>0201</CODE><CODE>2806</CODE><CODE>60</CODE></DATA><DATA LABEL="724-04-01"><CODE>0032</CODE><CODE>0320</CODE><CODE>85</CODE></DATA><DATA LABEL="724-05-01"><CODE>0320</CODE><CODE>0320</CODE><CODE>77</CODE></DATA><DATA LABEL="724-06-01"><CODE>003C</CODE><CODE>003C</CODE><CODE>AA</CODE></DATA><DATA LABEL="724-07-01"><CODE>003C</CODE><CODE>FFFF</CODE><CODE>6D</CODE></DATA><DATA LABEL="724-08-01"><CODE>FFFF</CODE><CODE>FFFF</CODE><CODE>30</CODE></DATA><DATA LABEL="724-09-01"><CODE>FFFF</CODE><CODE>FFFF</CODE><CODE>31</CODE></DATA><DATA LABEL="726-01-01"><CODE>0000</CODE><CODE>002F</CODE><CODE></CODE></DATA><DATA LABEL="726-02-01"><CODE>0A3A</CODE><CODE></CODE><CODE></CODE></DATA><DATA LABEL="726-03-01"><CODE>0101</CODE><CODE>0201</CODE><CODE>36</CODE></DATA><DATA LABEL="726-04-01"><CODE>0000</CODE><CODE>0133</CODE><CODE></CODE></DATA><DATA LABEL="726-05-01"><CODE>0000</CODE><CODE>0000</CODE><CODE>33</CODE></DATA><DATA LABEL="726-06-01"><CODE>0000</CODE><CODE>0000</CODE><CODE>34</CODE></DATA><DATA LABEL="726-07-01"><CODE>0300</CODE><CODE>38</CODE><CODE></CODE></DATA><DATA LABEL="726-08-01"><CODE>0200</CODE><CODE>38</CODE><CODE></CODE></DATA><DATA LABEL="726-09-01"><CODE>0100</CODE><CODE>38</CODE><CODE></CODE></DATA><DATA LABEL="726-10-01"><CODE>0000</CODE><CODE>0014</CODE><CODE>52</CODE></DATA><DATA LABEL="726-11-01"><CODE>0000</CODE><CODE>0001</CODE><CODE>40</CODE></DATA><DATA LABEL="726-12-01"><CODE>0101</CODE><CODE>000C</CODE><CODE>4E</CODE></DATA><DATA LABEL="726-13-01"><CODE>0101</CODE><CODE>0000</CODE><CODE>43</CODE></DATA><DATA LABEL="726-14-01"><CODE>0000</CODE><CODE>0000</CODE><CODE>42</CODE></DATA><DATA LABEL="726-15-01"><CODE>0000</CODE><CODE>0101</CODE><CODE>45</CODE></DATA><DATA LABEL="726-16-01"><CODE>0201</CODE><CODE>47</CODE><CODE></CODE></DATA><DATA LABEL="726-17-01"><CODE>0100</CODE><CODE>46</CODE><CODE></CODE></DATA><DATA LABEL="726-18-01"><CODE>0000</CODE><CODE>0008</CODE><CODE>4E</CODE></DATA><DATA LABEL="726-19-01"><CODE>0148</CODE><CODE></CODE><CODE></CODE></DATA><DATA LABEL="726-20-01"><CODE>0201</CODE><CODE>010A</CODE><CODE>5C</CODE></DATA><DATA LABEL="726-21-01"><CODE>0000</CODE><CODE>4F</CODE><CODE></CODE></DATA><DATA LABEL="726-22-01"><CODE>0104</CODE><CODE>2323</CODE><CODE>9B</CODE></DATA><DATA LABEL="726-23-01"><CODE>0101</CODE><CODE>53</CODE><CODE></CODE></DATA><DATA LABEL="726-24-01"><CODE>0100</CODE><CODE>53</CODE><CODE></CODE></DATA><DATA LABEL="726-25-01"><CODE>00A0</CODE><CODE>F3</CODE><CODE></CODE></DATA><DATA LABEL="726-26-01"><CODE>0802</CODE><CODE>01E0</CODE><CODE>3F</CODE></DATA><DATA LABEL="726-27-01"><CODE>0320</CODE><CODE>05F0</CODE><CODE>6D</CODE></DATA><DATA LABEL="726-28-01"><CODE>0000</CODE><CODE>56</CODE><CODE></CODE></DATA><DATA LABEL="726-29-01"><CODE>0158</CODE><CODE></CODE><CODE></CODE></DATA><DATA LABEL="726-30-01"><CODE>015F</CODE><CODE></CODE><CODE></CODE></DATA><DATA LABEL="726-31-01"><CODE>0362</CODE><CODE></CODE><CODE></CODE></DATA><DATA LABEL="726-32-01"><CODE>0512</CODE><CODE>77</CODE><CODE></CODE></DATA><DATA LABEL="726-33-01"><CODE>05A0</CODE><CODE>06</CODE><CODE></CODE></DATA><DATA LABEL="726-34-01"><CODE>0034</CODE><CODE>66FC</CODE><CODE></CODE></DATA><DATA LABEL="726-35-01"><CODE>0305</CODE><CODE>6B</CODE><CODE></CODE></DATA><DATA LABEL="726-36-01"><CODE>6100</CODE><CODE>0001</CODE><CODE>C6</CODE></DATA><DATA LABEL="726-37-01"><CODE>0001</CODE><CODE>0167</CODE><CODE></CODE></DATA><DATA LABEL="726-38-01"><CODE>0066</CODE><CODE></CODE><CODE></CODE></DATA><DATA LABEL="726-39-01"><CODE>0001</CODE><CODE>0068</CODE><CODE></CODE></DATA><DATA LABEL="726-40-01"><CODE>006E</CODE><CODE></CODE><CODE></CODE></DATA><DATA LABEL="726-41-01"><CODE>0001</CODE><CODE>70</CODE><CODE></CODE></DATA><DATA LABEL="726-42-01"><CODE>3146</CODE><CODE>4148</CODE><CODE>50C0</CODE></DATA><DATA LABEL="726-42-02"><CODE>32A3</CODE><CODE></CODE><CODE></CODE></DATA><DATA LABEL="726-43-01"><CODE>4B54</CODE><CODE>3044</CODE><CODE>47CB</CODE></DATA><DATA LABEL="726-43-02"><CODE>31A3</CODE><CODE></CODE><CODE></CODE></DATA><DATA LABEL="726-44-01"><CODE>3035</CODE><CODE>3239</CODE><CODE>397B</CODE></DATA><DATA LABEL="726-44-02"><CODE>0073</CODE><CODE></CODE><CODE></CODE></DATA><DATA LABEL="726-45-01"><CODE>013C</CODE><CODE>08A5</CODE><CODE>3390</CODE></DATA><DATA LABEL="726-45-02"><CODE>0175</CODE><CODE></CODE><CODE></CODE></DATA><DATA LABEL="726-46-01"><CODE>0888</CODE><CODE>2485</CODE><CODE>00AD</CODE></DATA><DATA LABEL="726-46-02"><CODE>0075</CODE><CODE></CODE><CODE></CODE></DATA><DATA LABEL="726-47-01"><CODE>0176</CODE><CODE></CODE><CODE></CODE></DATA><DATA LABEL="727-01-01"><CODE>12A0</CODE><CODE>3000</CODE><CODE>0012</CODE></DATA><DATA LABEL="727-01-02"><CODE>0031</CODE><CODE></CODE><CODE></CODE></DATA><DATA LABEL="727-02-01"><CODE>0031</CODE><CODE></CODE><CODE></CODE></DATA><DATA LABEL="727-03-01"><CODE>1446</CODE><CODE></CODE><CODE></CODE></DATA><DATA LABEL="727-04-01"><CODE>0001</CODE><CODE>0155</CODE><CODE>53DD</CODE></DATA><DATA LABEL="730-01-01"><CODE>0505</CODE><CODE>0101</CODE><CODE>0045</CODE></DATA><DATA LABEL="730-01-02"><CODE>0100</CODE><CODE>0000</CODE><CODE>003B</CODE></DATA><DATA LABEL="730-01-03"><CODE>0100</CODE><CODE>3C</CODE><CODE></CODE></DATA><DATA LABEL="731-01-01"><CODE>5D97</CODE><CODE></CODE><CODE></CODE></DATA><DATA LABEL="731-02-01"><CODE>0A45</CODE><CODE></CODE><CODE></CODE></DATA><DATA LABEL="731-03-01"><CODE>5540</CODE><CODE>5540</CODE><CODE>0066</CODE></DATA><DATA LABEL="731-03-02"><CODE>003D</CODE><CODE></CODE><CODE></CODE></DATA><DATA LABEL="733-01-01"><CODE>0031</CODE><CODE>0057</CODE><CODE>39FD</CODE></DATA><DATA LABEL="733-01-02"><CODE>0000</CODE><CODE>0000</CODE><CODE>3D</CODE></DATA><DATA LABEL="733-02-01"><CODE>3146</CODE><CODE>4148</CODE><CODE>508D</CODE></DATA><DATA LABEL="733-02-02"><CODE>324B</CODE><CODE>5430</CODE><CODE>4483</CODE></DATA><DATA LABEL="733-02-03"><CODE>4731</CODE><CODE>3035</CODE><CODE>324E</CODE></DATA><DATA LABEL="733-02-04"><CODE>3939</CODE><CODE>B2</CODE><CODE></CODE></DATA><DATA LABEL="737-01-01"><CODE>3146</CODE><CODE>4148</CODE><CODE>5090</CODE></DATA><DATA LABEL="737-01-02"><CODE>324B</CODE><CODE>5430</CODE><CODE>4486</CODE></DATA><DATA LABEL="737-01-03"><CODE>4731</CODE><CODE>3035</CODE><CODE>3251</CODE></DATA><DATA LABEL="737-01-04"><CODE>3939</CODE><CODE>B5</CODE><CODE></CODE></DATA><DATA LABEL="737-02-01"><CODE>E768</CODE><CODE>EE3B</CODE><CODE>10C9</CODE></DATA><DATA LABEL="737-02-02"><CODE>0C77</CODE><CODE>00C5</CODE><CODE></CODE></DATA><DATA LABEL="737-03-01"><CODE>0F51</CODE><CODE></CODE><CODE></CODE></DATA><DATA LABEL="737-04-01"><CODE>C003</CODE><CODE></CODE><CODE></CODE></DATA><DATA LABEL="737-05-01"><CODE>0133</CODE><CODE>78</CODE><CODE></CODE></DATA><DATA LABEL="737-06-01"><CODE>0D59</CODE><CODE>AB</CODE><CODE></CODE></DATA><DATA LABEL="740-01-01"><CODE>E029</CODE><CODE></CODE><CODE></CODE></DATA><DATA LABEL="740-02-01"><CODE>014B</CODE><CODE></CODE><CODE></CODE></DATA><DATA LABEL="740-03-01"><CODE>2323</CODE><CODE>0A9B</CODE><CODE></CODE></DATA><DATA LABEL="744-01-01"><CODE>DA80</CODE><CODE>A7</CODE><CODE></CODE></DATA><DATA LABEL="744-02-01"><CODE>C00E</CODE><CODE></CODE><CODE></CODE></DATA><DATA LABEL="744-03-01"><CODE>2300</CODE><CODE>E153</CODE><CODE></CODE></DATA><DATA LABEL="744-04-01"><CODE>0050</CODE><CODE></CODE><CODE></CODE></DATA><DATA LABEL="744-05-01"><CODE>3042</CODE><CODE>16D9</CODE><CODE></CODE></DATA><DATA LABEL="744-06-01"><CODE>302A</CODE><CODE>0EBA</CODE><CODE></CODE></DATA><DATA LABEL="744-07-01"><CODE>302A</CODE><CODE>0EBB</CODE><CODE></CODE></DATA><DATA LABEL="744-08-01"><CODE>302A</CODE><CODE>0EBC</CODE><CODE></CODE></DATA><DATA LABEL="760-01-01"><CODE>3146</CODE><CODE>4148</CODE><CODE>50B9</CODE></DATA><DATA LABEL="760-01-02"><CODE>324B</CODE><CODE>5430</CODE><CODE>44AF</CODE></DATA><DATA LABEL="760-01-03"><CODE>4731</CODE><CODE>3035</CODE><CODE>327A</CODE></DATA><DATA LABEL="760-01-04"><CODE>3939</CODE><CODE>DE</CODE><CODE></CODE></DATA><DATA LABEL="760-02-01"><CODE>0301</CODE><CODE>1203</CODE><CODE>0285</CODE></DATA><DATA LABEL="760-02-02"><CODE>0008</CODE><CODE>0073</CODE><CODE></CODE></DATA><DATA LABEL="760-03-01"><CODE>4001</CODE><CODE>AC</CODE><CODE></CODE></DATA><DATA LABEL="776-01-01"><CODE>4B3D</CODE><CODE>0A30</CODE><CODE>0041</CODE></DATA><DATA LABEL="776-02-01"><CODE>5546</CODE><CODE>0A39</CODE><CODE>0563</CODE></DATA><DATA LABEL="776-03-01"><CODE>6454</CODE><CODE>0A41</CODE><CODE>32B6</CODE></DATA><DATA LABEL="776-04-01"><CODE>323C</CODE><CODE>502D</CODE><CODE>C835</CODE></DATA><DATA LABEL="776-05-01"><CODE>4632</CODE><CODE>5064</CODE><CODE>6E1D</CODE></DATA><DATA LABEL="776-06-01"><CODE>645A</CODE><CODE>6400</CODE><CODE>1EC4</CODE></DATA><DATA LABEL="776-07-01"><CODE>6E41</CODE><CODE>3C0A</CODE><CODE>69E3</CODE></DATA><DATA LABEL="776-08-01"><CODE>FEFE</CODE><CODE>2300</CODE><CODE>00A5</CODE></DATA><DATA LABEL="783-01-01"><CODE>60EC</CODE><CODE></CODE><CODE></CODE></DATA><DATA LABEL="783-02-01"><CODE>0693</CODE><CODE></CODE><CODE></CODE></DATA></BCE_MODULE><NODEID>7A7<F111>DG1T-14F166-EF</F111><F113>DG1T-18A802-EJ</F113><F124>DG1T-14D018-EG</F124><F188>DG1T-14D017-DG</F188></NODEID><NODEID>7C4<F111>DG1T-14F152-AA</F111><F113>DG1T-14C689-CA</F113><F188>DG1T-14D368-AA</F188></NODEID><NODEID>7C6<F111>DG1T-14F152-AA</F111><F113>DG1T-14C689-CA</F113><F188>DG1T-14D368-AA</F188></NODEID><NODEID>7D0<F111>BM5T-14F130-AB</F111><F113>DA5T-14D212-AD</F113><F188>BT4T-14D205-BF</F188></NODEID><NODEID>7E0<F113>DA5A-12A650-BB</F113><F188>DG1A-14C204-GG</F188></NODEID><NODEID>701<F111>BM5T-14F206-AA</F111><F113>BM5T-19H463-BE</F113><F188>BM5T-14F055-AH</F188></NODEID><NODEID>706<F10A>DA5T-14G024-CE</F10A><F111>DA5T-14G025-CG</F111><F113>DU5A-17E678-CH</F113><F188>DA5T-14G019-CE</F188></NODEID><NODEID>714<F111>BU5T-14F382-AD</F111><F113>BU5T-14B561-AE</F113><F188>BU5T-14F376-AC</F188></NODEID><NODEID>720<F111>DG1T-14F094-EB</F111><F113>DG1T-10849-EJ</F113><F124>DG1T-14C088-BH</F124><F188>DG1T-14C026-BJ</F188></NODEID><NODEID>724<F111>DG1T-14F078-HC</F111><F113>DG1T-3F944-HC</F113><F188>DG1T-14C579-BA</F188></NODEID><NODEID>726<F10A>DG1T-14C636-BE</F10A><F111>BC3T-14F141-BC</F111><F113>DG1T-14B476-AA</F113><F16B>BT4T-14F391-AC</F16B><F16C>DG1T-14F390-EC</F16C><F16D>BC3T-14F389-AA</F16D><F16E>DG1T-14C408-AC</F16E><F188>DG1T-14C184-AA</F188></NODEID><NODEID>727<F111>DG1T-14F188-CD</F111><F113>DG1T-19C107-CG</F113><F124>DG1T-14D100-CE</F124><F188>DG1T-14D099-CF</F188></NODEID><NODEID>730<F111>DA53-14F079-AB</F111><F113>DA53-3F964-AF</F113><F124>DA53-14D004-AF</F124><F188>DA53-14D003-AF</F188></NODEID><NODEID>731<F111>BT4T-14F207-AC</F111><F113>DG1T-19G481-AC</F113><F124>DG1T-14C105-AB</F124><F188>BT4T-14C104-BC</F188></NODEID><NODEID>733<F10A>DG1T-14C651-AA</F10A><F111>DG1T-14F165-CA</F111><F113>DG1T-18C612-CG</F113><F124>DG1T-18D620-CG</F124><F188>DG1T-18D619-AG</F188></NODEID><NODEID>736<F10A>DA5T-14C647-GC</F10A><F111>DA5T-14F159-CA</F111><F113>DA5T-15K866-CA</F113><F188>DA5T-14C090-BA</F188></NODEID><NODEID>737<F111>DG13-14F136-AD</F111><F113>DG13-14B321-AF</F113><F124>DG13-14C098-AF</F124><F188>DG13-14C028-AD</F188></NODEID><NODEID>744<E610>BC3T-14C249-AB</E610><E611>BC3T-14C030-AK</E611></NODEID><NODEID>751<F111>BC3T-14F157-CB</F111><F113>BB5T-15K602-GB</F113><F188>BB5T-14C283-AD</F188></NODEID><NODEID>760<F111>DG13-14F065-AD</F111><F113>DG13-2C219-AD</F113><F188>DG13-2D053-AD</F188></NODEID><NODEID>765<F111>CL34-14F202-AA</F111><F113>DG13-19G275-AE</F113><F124>DG13-14C372-AE</F124><F188>CL34-14C371-AF</F188></NODEID><NODEID>783<F10A>DG1T-14C656-AA</F10A><F111>BT4T-14F171-BA</F111><F113>CT4T-18B849-AA</F113><F188>CT4T-14C589-AA</F188></NODEID><ERROR><ERRORCODE> 614</ERRORCODE><ERRORMSG>  CCC DATA NOT FOUND</ERRORMSG></ERROR></VEHICLE></AS_BUILT_DATA>