<?xml version="1.0" encoding="UTF-8"?><AS_BUILT_DATA><VEHICLE><VIN>1FAHP2H8XDG153119</VIN><VEHICLE_DATA><DATA LABEL=""><CODE>49D1</CODE><CODE>FFFF</CODE><CODE>FF17</CODE></DATA></VEHICLE_DATA><PCM_MODULE><DATA LABEL="PCM 1"><CODE>FFFF</CODE><CODE>FFFF</CODE><CODE>FF0C</CODE></DATA><DATA LABEL="PCM 2"><CODE>FFFF</CODE><CODE>FFFF</CODE><CODE>FF0D</CODE></DATA><DATA LABEL="PCM 3"><CODE>FFFF</CODE><CODE>03FF</CODE><CODE>5F72</CODE></DATA><DATA LABEL="PCM 4"><CODE>FFFF</CODE><CODE>1FFF</CODE><CODE>F222</CODE></DATA><DATA LABEL="PCM 5"><CODE>FF1F</CODE><CODE>FFFF</CODE><CODE>FF30</CODE></DATA><DATA LABEL="PCM 6"><CODE>FFFF</CODE><CODE>FFFF</CODE><CODE>FF11</CODE></DATA><DATA LABEL="PCM 7"><CODE>FFFF</CODE><CODE>FFFF</CODE><CODE>FF12</CODE></DATA><DATA LABEL="PCM 8"><CODE>FFFF</CODE><CODE>FFFF</CODE><CODE>FF13</CODE></DATA><DATA LABEL="PCM 9"><CODE>FFFF</CODE><CODE>FFFF</CODE><CODE>FF14</CODE></DATA></PCM_MODULE><BCE_MODULE><DATA LABEL="7D0-01-01"><CODE>2021</CODE><CODE>8000</CODE><CODE>61FB</CODE></DATA><DATA LABEL="7D0-01-02"><CODE>0401</CODE><CODE>0000</CODE><CODE>0AE9</CODE></DATA><DATA LABEL="7D0-02-01"><CODE>4341</CODE><CODE>0001</CODE><CODE>005F</CODE></DATA><DATA LABEL="7D0-02-02"><CODE>8200</CODE><CODE>0000</CODE><CODE>005D</CODE></DATA><DATA LABEL="7D0-02-03"><CODE>0000</CODE><CODE>DC</CODE><CODE></CODE></DATA><DATA LABEL="7D0-03-01"><CODE>0748</CODE><CODE>5802</CODE><CODE>0084</CODE></DATA><DATA LABEL="7D0-04-01"><CODE>0102</CODE><CODE>0200</CODE><CODE>00E1</CODE></DATA><DATA LABEL="7D0-04-02"><CODE>0001</CODE><CODE>DE</CODE><CODE></CODE></DATA><DATA LABEL="701-01-01"><CODE>404A</CODE><CODE></CODE><CODE></CODE></DATA><DATA LABEL="720-01-01"><CODE>2A08</CODE><CODE>F523</CODE><CODE>097C</CODE></DATA><DATA LABEL="720-01-02"><CODE>8AF0</CODE><CODE>40F0</CODE><CODE>3D11</CODE></DATA><DATA LABEL="720-01-03"><CODE>90E8</CODE><CODE>00FB</CODE><CODE>9E</CODE></DATA><DATA LABEL="720-02-01"><CODE>5553</CODE><CODE>D2</CODE><CODE></CODE></DATA><DATA LABEL="724-01-01"><CODE>1820</CODE><CODE>07D3</CODE><CODE>3F</CODE></DATA><DATA LABEL="724-02-01"><CODE>CC20</CODE><CODE>4800</CODE><CODE>62</CODE></DATA><DATA LABEL="724-03-01"><CODE>0201</CODE><CODE>2806</CODE><CODE>60</CODE></DATA><DATA LABEL="724-04-01"><CODE>0032</CODE><CODE>0320</CODE><CODE>85</CODE></DATA><DATA LABEL="724-05-01"><CODE>0320</CODE><CODE>0320</CODE><CODE>77</CODE></DATA><DATA LABEL="724-06-01"><CODE>003C</CODE><CODE>003C</CODE><CODE>AA</CODE></DATA><DATA LABEL="724-07-01"><CODE>003C</CODE><CODE>FFFF</CODE><CODE>6D</CODE></DATA><DATA LABEL="724-08-01"><CODE>FFFF</CODE><CODE>FFFF</CODE><CODE>30</CODE></DATA><DATA LABEL="724-09-01"><CODE>FFFF</CODE><CODE>FFFF</CODE><CODE>31</CODE></DATA><DATA LABEL="726-01-01"><CODE>0000</CODE><CODE>002F</CODE><CODE></CODE></DATA><DATA LABEL="726-02-01"><CODE>0A3A</CODE><CODE></CODE><CODE></CODE></DATA><DATA LABEL="726-03-01"><CODE>0101</CODE><CODE>0201</CODE><CODE>36</CODE></DATA><DATA LABEL="726-04-01"><CODE>0000</CODE><CODE>0032</CODE><CODE></CODE></DATA><DATA LABEL="726-05-01"><CODE>0000</CODE><CODE>0000</CODE><CODE>33</CODE></DATA><DATA LABEL="726-06-01"><CODE>0000</CODE><CODE>0000</CODE><CODE>34</CODE></DATA><DATA LABEL="726-07-01"><CODE>0101</CODE><CODE>37</CODE><CODE></CODE></DATA><DATA LABEL="726-08-01"><CODE>0200</CODE><CODE>38</CODE><CODE></CODE></DATA><DATA LABEL="726-09-01"><CODE>0101</CODE><CODE>39</CODE><CODE></CODE></DATA><DATA LABEL="726-10-01"><CODE>0000</CODE><CODE>0014</CODE><CODE>52</CODE></DATA><DATA LABEL="726-11-01"><CODE>0100</CODE><CODE>0001</CODE><CODE>41</CODE></DATA><DATA LABEL="726-12-01"><CODE>0101</CODE><CODE>000C</CODE><CODE>4E</CODE></DATA><DATA LABEL="726-13-01"><CODE>0101</CODE><CODE>0000</CODE><CODE>43</CODE></DATA><DATA LABEL="726-14-01"><CODE>0000</CODE><CODE>0000</CODE><CODE>42</CODE></DATA><DATA LABEL="726-15-01"><CODE>0001</CODE><CODE>0101</CODE><CODE>46</CODE></DATA><DATA LABEL="726-16-01"><CODE>0211</CODE><CODE>57</CODE><CODE></CODE></DATA><DATA LABEL="726-17-01"><CODE>0101</CODE><CODE>47</CODE><CODE></CODE></DATA><DATA LABEL="726-18-01"><CODE>0100</CODE><CODE>0008</CODE><CODE>4F</CODE></DATA><DATA LABEL="726-19-01"><CODE>0148</CODE><CODE></CODE><CODE></CODE></DATA><DATA LABEL="726-20-01"><CODE>0201</CODE><CODE>010A</CODE><CODE>5C</CODE></DATA><DATA LABEL="726-21-01"><CODE>0030</CODE><CODE>7F</CODE><CODE></CODE></DATA><DATA LABEL="726-22-01"><CODE>0104</CODE><CODE>2222</CODE><CODE>99</CODE></DATA><DATA LABEL="726-23-01"><CODE>0101</CODE><CODE>53</CODE><CODE></CODE></DATA><DATA LABEL="726-24-01"><CODE>0100</CODE><CODE>53</CODE><CODE></CODE></DATA><DATA LABEL="726-25-01"><CODE>00A0</CODE><CODE>F3</CODE><CODE></CODE></DATA><DATA LABEL="726-26-01"><CODE>0802</CODE><CODE>01E0</CODE><CODE>3F</CODE></DATA><DATA LABEL="726-27-01"><CODE>0320</CODE><CODE>05F0</CODE><CODE>6D</CODE></DATA><DATA LABEL="726-28-01"><CODE>0000</CODE><CODE>56</CODE><CODE></CODE></DATA><DATA LABEL="726-29-01"><CODE>0158</CODE><CODE></CODE><CODE></CODE></DATA><DATA LABEL="726-30-01"><CODE>015F</CODE><CODE></CODE><CODE></CODE></DATA><DATA LABEL="726-31-01"><CODE>0463</CODE><CODE></CODE><CODE></CODE></DATA><DATA LABEL="726-32-01"><CODE>0712</CODE><CODE>79</CODE><CODE></CODE></DATA><DATA LABEL="726-33-01"><CODE>05A0</CODE><CODE>06</CODE><CODE></CODE></DATA><DATA LABEL="726-34-01"><CODE>0034</CODE><CODE>66FC</CODE><CODE></CODE></DATA><DATA LABEL="726-35-01"><CODE>0407</CODE><CODE>6E</CODE><CODE></CODE></DATA><DATA LABEL="726-36-01"><CODE>0100</CODE><CODE>0000</CODE><CODE>65</CODE></DATA><DATA LABEL="726-37-01"><CODE>0001</CODE><CODE>0066</CODE><CODE></CODE></DATA><DATA LABEL="726-38-01"><CODE>0066</CODE><CODE></CODE><CODE></CODE></DATA><DATA LABEL="726-39-01"><CODE>0001</CODE><CODE>0068</CODE><CODE></CODE></DATA><DATA LABEL="726-40-01"><CODE>006E</CODE><CODE></CODE><CODE></CODE></DATA><DATA LABEL="726-41-01"><CODE>0001</CODE><CODE>70</CODE><CODE></CODE></DATA><DATA LABEL="726-42-01"><CODE>3146</CODE><CODE>4148</CODE><CODE>50C0</CODE></DATA><DATA LABEL="726-42-02"><CODE>32A3</CODE><CODE></CODE><CODE></CODE></DATA><DATA LABEL="726-43-01"><CODE>4838</CODE><CODE>5844</CODE><CODE>47D4</CODE></DATA><DATA LABEL="726-43-02"><CODE>31A3</CODE><CODE></CODE><CODE></CODE></DATA><DATA LABEL="726-44-01"><CODE>3533</CODE><CODE>3131</CODE><CODE>3975</CODE></DATA><DATA LABEL="726-44-02"><CODE>0073</CODE><CODE></CODE><CODE></CODE></DATA><DATA LABEL="726-45-01"><CODE>0153</CODE><CODE>0873</CODE><CODE>3375</CODE></DATA><DATA LABEL="726-45-02"><CODE>0175</CODE><CODE></CODE><CODE></CODE></DATA><DATA LABEL="726-46-01"><CODE>0888</CODE><CODE>2285</CODE><CODE>00AB</CODE></DATA><DATA LABEL="726-46-02"><CODE>0075</CODE><CODE></CODE><CODE></CODE></DATA><DATA LABEL="726-47-01"><CODE>0176</CODE><CODE></CODE><CODE></CODE></DATA><DATA LABEL="727-01-01"><CODE>1A01</CODE><CODE>3008</CODE><CODE>0083</CODE></DATA><DATA LABEL="727-01-02"><CODE>0334</CODE><CODE></CODE><CODE></CODE></DATA><DATA LABEL="727-02-01"><CODE>0031</CODE><CODE></CODE><CODE></CODE></DATA><DATA LABEL="727-03-01"><CODE>1446</CODE><CODE></CODE><CODE></CODE></DATA><DATA LABEL="727-04-01"><CODE>0002</CODE><CODE>0143</CODE><CODE>41BA</CODE></DATA><DATA LABEL="730-01-01"><CODE>0804</CODE><CODE>0001</CODE><CODE>0046</CODE></DATA><DATA LABEL="730-01-02"><CODE>0100</CODE><CODE>0000</CODE><CODE>003B</CODE></DATA><DATA LABEL="730-01-03"><CODE>0000</CODE><CODE>3B</CODE><CODE></CODE></DATA><DATA LABEL="733-01-01"><CODE>0032</CODE><CODE>0057</CODE><CODE>39FE</CODE></DATA><DATA LABEL="733-01-02"><CODE>0000</CODE><CODE>0000</CODE><CODE>3D</CODE></DATA><DATA LABEL="733-02-01"><CODE>3146</CODE><CODE>4148</CODE><CODE>508D</CODE></DATA><DATA LABEL="733-02-02"><CODE>3248</CODE><CODE>3858</CODE><CODE>448C</CODE></DATA><DATA LABEL="733-02-03"><CODE>4731</CODE><CODE>3533</CODE><CODE>3150</CODE></DATA><DATA LABEL="733-02-04"><CODE>3139</CODE><CODE>AA</CODE><CODE></CODE></DATA><DATA LABEL="737-01-01"><CODE>3146</CODE><CODE>4148</CODE><CODE>5090</CODE></DATA><DATA LABEL="737-01-02"><CODE>3248</CODE><CODE>3858</CODE><CODE>448F</CODE></DATA><DATA LABEL="737-01-03"><CODE>4731</CODE><CODE>3533</CODE><CODE>3153</CODE></DATA><DATA LABEL="737-01-04"><CODE>3139</CODE><CODE>AD</CODE><CODE></CODE></DATA><DATA LABEL="737-02-01"><CODE>E768</CODE><CODE>EE3B</CODE><CODE>10C9</CODE></DATA><DATA LABEL="737-02-02"><CODE>0C77</CODE><CODE>00C5</CODE><CODE></CODE></DATA><DATA LABEL="737-03-01"><CODE>0F51</CODE><CODE></CODE><CODE></CODE></DATA><DATA LABEL="737-04-01"><CODE>C003</CODE><CODE></CODE><CODE></CODE></DATA><DATA LABEL="737-05-01"><CODE>0133</CODE><CODE>78</CODE><CODE></CODE></DATA><DATA LABEL="737-06-01"><CODE>0D59</CODE><CODE>AB</CODE><CODE></CODE></DATA><DATA LABEL="760-01-01"><CODE>3146</CODE><CODE>4148</CODE><CODE>50B9</CODE></DATA><DATA LABEL="760-01-02"><CODE>3248</CODE><CODE>3858</CODE><CODE>44B8</CODE></DATA><DATA LABEL="760-01-03"><CODE>4731</CODE><CODE>3533</CODE><CODE>317C</CODE></DATA><DATA LABEL="760-01-04"><CODE>3139</CODE><CODE>D6</CODE><CODE></CODE></DATA><DATA LABEL="760-02-01"><CODE>0101</CODE><CODE>0205</CODE><CODE>0275</CODE></DATA><DATA LABEL="760-02-02"><CODE>0007</CODE><CODE>0072</CODE><CODE></CODE></DATA><DATA LABEL="760-03-01"><CODE>0001</CODE><CODE>6C</CODE><CODE></CODE></DATA></BCE_MODULE><NODEID>7A7<F110>DS-DG1T-18A802-DA</F110><F111>DG1T-14F166-DF</F111><F113>DG1T-18A802-DJ</F113><F124>DG1T-14D018-DG</F124><F188>DG1T-14D017-DG</F188></NODEID><NODEID>7D0<F110>DS-BT4T-14D212-BD</F110><F111>BM5T-14F130-AB</F111><F113>DA5T-14D212-AD</F113><F188>BT4T-14D205-BF</F188></NODEID><NODEID>7E0<F111>DG1A-12B684-EA</F111><F113>DG1A-12A650-SB</F113><F188>DG1A-14C204-UG</F188></NODEID><NODEID>701<F110>DS-BM5T-19H464-AA</F110><F111>BM5T-14F206-AA</F111><F113>BM5T-19H463-BE</F113><F188>BM5T-14F055-AH</F188></NODEID><NODEID>720<F110>DS-DG1T-1A292-AE</F110><F111>DG1T-14F094-BB</F111><F113>DG1T-10849-BK</F113><F124>DG1T-14C088-BJ</F124><F188>DG1T-14C026-BK</F188></NODEID><NODEID>724<F110>DS-DG1T-14B522-AC</F110><F111>DG1T-14F078-AC</F111><F113>DG1T-3F944-AC</F113><F188>DG1T-14C579-BA</F188></NODEID><NODEID>726<F10A>DG1T-14C636-DA</F10A><F110>DS-DC3T-14B476-CB</F110><F111>BC3T-14F141-BC</F111><F113>DC3T-14B476-DA</F113><F16B>BT4T-14F391-AC</F16B><F16C>DG1T-14F390-JA</F16C><F16D>BC3T-14F389-AA</F16D><F16E>DG1T-14C408-BC</F16E><F188>DC3T-14C184-BA</F188></NODEID><NODEID>727<F110>DS-CJ5T-19C107-AA</F110><F111>DG1T-14F188-DC</F111><F113>DG1T-19C107-DG</F113><F124>DG1T-14D100-DE</F124><F188>DG1T-14D099-DF</F188></NODEID><NODEID>730<F110>DS-DA53-3F964-AD</F110><F111>DA53-14F079-AB</F111><F113>DA53-3F964-AH</F113><F124>DA53-14D004-AH</F124><F188>DA53-14D003-AF</F188></NODEID><NODEID>733<F10A>DG1T-14C651-AA</F10A><F110>DS-DE9T-18C612-CG</F110><F111>DG1T-14F165-BA</F111><F113>DG1T-18C612-BH</F113><F124>DG1T-18D620-BH</F124><F188>DG1T-18D619-AH</F188></NODEID><NODEID>736<F10A>DA5T-14C647-BC</F10A><F110>DS-AE00-E-12542389</F110><F111>DA5T-14F159-EA</F111><F113>DA5T-15K866-EA</F113><F188>DA5T-14C090-EA</F188></NODEID><NODEID>737<F110>DS-DG13-14B321-AC</F110><F111>DG13-14F136-AD</F111><F113>DG13-14B321-AF</F113><F124>DG13-14C098-AF</F124><F188>DG13-14C028-AD</F188></NODEID><NODEID>751<F110>DS-BC3T-15K602-AD</F110><F111>BC3T-14F157-AC</F111><F113>BB5T-15K602-EB</F113><F188>BB5T-14C283-AD</F188></NODEID><NODEID>760<F110>DS-DG1T-2C219-AA</F110><F111>DG13-14F065-AF</F111><F113>DG13-2C219-AF</F113><F188>DG13-2D053-AF</F188></NODEID><NODEID>765<F110>DS-DG13-603B16-AB</F110><F111>BB53-14F601-AA</F111><F113>DG13-603B16-AB</F113><F124>DG13-14F596-AB</F124><F188>DG13-14F595-AB</F188></NODEID><ERROR><ERRORCODE> 614</ERRORCODE><ERRORMSG>  CCC DATA NOT FOUND</ERRORMSG></ERROR></VEHICLE></AS_BUILT_DATA>